{"timestamps": [1485222658.871996, 1485222662.618304, 1485222663.058104, 1485222663.382194, 1485222663.717767, 1485222664.047734, 1485222664.371928, 1485222664.70408, 1485222668.439751, 1485222668.87386], "initial_reset_timestamp": 1485222654.727235, "episode_types": ["t", "t", "t", "t", "t", "t", "t", "t", "t", "t"], "episode_lengths": [200, 200, 200, 200, 200, 200, 200, 200, 200, 200], "episode_rewards": [-200.0, -200.0, -200.0, -200.0, -200.0, -200.0, -200.0, -200.0, -200.0, -200.0]}